Q06330,169,K,E,1
Q06330,63,E,G,1
Q06330,151,D,P,0
P52701,128,R,L,1
P52701,20,A,V,1
P52701,878,V,A,1
P52701,728,K,T,1
P52701,623,P,L,1
P52701,1193,E,K,1
P52701,901,R,H,1
P52701,340,F,S,1
P52701,449,L,P,1
P52701,196,C,F,0
P52701,1196,E,K,0
Q9H4B6,185,A,D,1
Q9H4B6,84,E,K,0
P49585,150,P,A,1
P49585,129,E,K,1
P49585,99,A,V,1
P49585,223,R,S,1
P49585,191,F,L,1
P49585,99,A,T,1
P49585,137,Q,H,0
P43246,596,N,S,1
P43246,834,A,T,1
P43246,923,V,E,1
P43246,342,V,I,1
P43246,848,A,S,1
P43246,216,I,V,1
P43246,722,V,I,1
P43246,17,V,F,1
P43246,824,Q,E,1
P43246,905,T,R,1
P43246,868,P,A,1
P43246,322,G,D,1
P43246,167,D,H,1
P43246,272,A,V,1
P43246,519,F,L,1
P43246,870,A,G,1
P43246,13,S,I,1
P43246,187,L,R,1
P43246,708,I,N,1
P43246,554,S,R,1
P43246,873,C,G,1
P43246,688,M,V,1
P43246,367,V,L,0
P43246,8,T,M,0
O75445,230,V,M,1
O75445,820,N,S,0
O75445,1132,G,D,0
O75445,2196,S,T,0
O75445,2862,Q,H,0
P16471,212,H,R,1
P16471,170,I,L,0
P21359,176,D,E,1
P21359,74,A,D,1
P21359,1276,R,Q,1
P21359,712,H,R,1
P21359,304,R,Q,0
P21359,478,K,T,0
P21359,2280,K,F,0
P35222,34,G,R,1
P35222,33,S,L,1
P35222,37,S,A,1
P35222,32,D,Y,1
P35222,45,S,P,1
P35222,41,T,A,1
P35222,37,S,Y,1
P35222,35,I,S,1
P35222,45,S,F,1
P35222,32,D,A,1
P35222,32,D,G,1
P35222,33,S,F,1
P35222,37,S,C,1
P35222,41,T,I,1
P35222,33,S,Y,1
P35222,23,S,R,1
P35222,448,V,L,0
P35222,665,D,E,0
P35222,22,V,G,0
Q9ULD2,563,A,S,1
Q9ULD2,75,Q,K,1
Q9ULD2,208,W,S,0
P54132,1066,C,Y,1
P54132,1064,D,V,1
P54132,963,H,Y,1
P54132,952,G,V,1
P54132,857,F,L,0
P54132,643,R,H,0
P54132,534,N,S,0
O14836,42,P,T,1
O14836,181,A,E,1
O14836,172,C,Y,1
O14836,188,K,M,0
P13639,596,P,H,1
P13639,589,V,M,0
P13639,80,E,K,0
P30038,352,S,L,1
P30038,222,A,G,0
Q7Z7M0,199,G,R,1
Q7Z7M0,1566,R,H,1
Q7Z7M0,2434,S,G,1
Q7Z7M0,1514,T,I,0
P54802,565,R,W,1
P54802,643,R,C,1
P54802,141,S,T,0
P54802,633,A,G,0
O60500,447,E,K,1
O60500,1200,P,S,0
O60500,216,V,L,0
P28799,521,C,Y,1
P28799,582,A,T,0
P98161,2519,Q,L,1
P98161,3511,L,V,1
P98161,2329,R,W,1
P98161,2649,T,I,1
P98161,2250,T,M,1
P98161,950,L,P,0
P98161,3005,Q,E,0
P98161,2515,R,Q,0
P98161,3023,M,V,0
P98161,2534,S,G,0
P98161,4059,A,V,0
Q9NZC9,821,I,S,1
Q9NZC9,279,F,S,1
Q9NZC9,1,M,I,1
Q9NZC9,561,R,C,1
Q9NZC9,561,R,H,1
Q9NZC9,476,R,Q,1
Q9NZC9,702,F,V,1
Q9NZC9,379,H,P,1
Q9NZC9,480,P,L,1
Q9NZC9,755,I,S,1
Q9NZC9,645,R,H,1
Q9NZC9,512,V,M,0
Q6VY07,203,R,W,1
Q6VY07,710,V,G,0
Q6VY07,455,T,P,0
P49815,1594,L,M,1
P49815,769,V,E,1
P49815,137,H,R,1
P49815,963,V,M,1
P49815,647,D,N,1
P49815,253,C,R,0
P49815,97,A,G,0
Q13485,493,D,H,1
Q13485,101,W,G,0
Q13485,229,L,R,0
P06400,662,L,P,1
P06400,549,H,Y,1
P06400,185,I,T,1
P06400,358,R,Q,1
P06400,712,C,R,1
P06400,635,A,P,1
P06400,657,L,P,1
P06400,530,K,R,1
P06400,616,K,E,1
P06400,673,H,P,1
P06400,457,M,R,1
P06400,358,R,G,1
P06400,654,V,E,1
P06400,706,C,Y,1
P06400,661,R,W,1
P06400,685,Q,P,1
P06400,137,E,D,1
P06400,803,N,K,1
P06400,310,G,E,1
P06400,72,E,Q,1
P06400,567,S,L,1
P06400,447,K,Q,1
P06400,500,R,G,1
P06400,307,T,I,0
P06400,673,H,D,0
P06400,479,D,G,0
O95714,594,P,L,1
O95714,1615,G,D,0
O95714,2090,A,V,0
O95714,4784,A,P,0
O95714,2471,S,P,0
O95714,2046,P,L,0
O95714,2158,Q,R,0
O95714,2042,A,T,0
Q8IVL5,508,G,V,1
Q8IVL5,261,E,V,0
Q8IVL5,390,G,E,0
Q8IVL5,484,S,R,0
Q8IVL5,602,F,L,0
Q8IVL5,503,N,S,0
Q13315,3008,R,C,1
Q13315,1691,S,R,1
Q13315,350,A,T,1
Q13315,1953,T,R,1
Q13315,2725,D,V,1
Q13315,2274,A,T,1
Q13315,2890,L,V,1
Q13315,2420,A,P,1
Q13315,2164,E,K,1
Q13315,2423,E,G,1
Q13315,1407,I,T,1
Q13315,2725,D,G,1
Q13315,2396,T,S,1
Q13315,2486,R,G,1
Q13315,3018,K,N,1
Q13315,2424,V,G,1
Q13315,3008,R,H,1
Q13315,1910,L,H,1
Q13315,3006,A,P,1
Q13315,2695,G,A,1
Q13315,332,Y,C,1
Q13315,2722,L,R,1
Q13315,1682,D,H,1
Q13315,352,I,T,1
Q13315,2732,F,L,1
Q13315,2570,E,G,0
Q13315,935,T,A,0
Q13315,1420,L,F,0
Q13315,2332,L,P,0
Q13315,2294,E,G,0
Q13315,1380,H,Y,0
Q13315,1879,Q,K,0
Q13315,235,A,T,0
Q13315,1853,D,N,0
Q13315,189,R,K,0
Q13315,2748,R,T,0
Q13315,412,W,C,0
P48023,247,A,E,1
P48023,126,S,P,0
O15360,1400,R,H,1
O15360,1249,L,P,1
O15360,8,N,K,1
O15360,643,P,R,0
P49810,439,D,A,1
P49810,174,M,V,1
P49810,122,T,R,1
P49810,430,T,M,1
P49810,228,Q,L,1
P49810,71,R,W,1
P49810,175,S,C,1
P49810,231,Y,C,1
P49810,85,A,V,1
P49810,350,E,G,0
Q8WZA1,265,R,H,1
Q8WZA1,367,R,C,0
Q8WZA1,16,R,W,0
O43683,492,S,Y,1
O43683,265,H,N,1
O43683,259,Y,C,1
O43683,648,P,R,1
O43683,36,E,D,1
O43683,409,N,K,0
Q9UIJ5,306,S,F,1
Q9UIJ5,356,M,I,1
Q9UIJ5,233,C,F,0
P02545,259,Y,H,1
P02545,47,D,H,1
P02545,101,R,P,1
P02545,584,R,H,1
P02545,300,D,G,1
P02545,312,Q,H,1
P02545,162,L,P,1
P02545,388,R,H,1
P02545,439,R,C,1
P02545,53,E,V,1
P02545,300,D,N,1
P02545,25,R,C,1
P02545,588,C,R,1
P02545,44,V,F,1
P02545,471,R,G,1
P02545,401,R,C,1
P02545,415,V,I,1
P02545,210,I,S,1
P02545,350,A,P,1
P02545,540,M,T,1
P02545,331,R,Q,1
P02545,523,G,R,1
P02545,644,R,H,1
P02545,356,L,R,1
P02545,349,R,W,1
P02545,488,T,P,1
P02545,382,G,R,1
P02545,399,R,H,1
P02545,541,R,K,1
P02545,471,R,H,1
P02545,347,E,K,1
P02545,183,L,P,1
P02545,26,I,S,1
P02545,440,V,M,1
P02545,459,N,Y,1
P02545,22,S,L,1
P02545,318,A,T,1
P02545,388,R,C,1
P02545,357,D,H,1
P02545,381,E,A,1
P02545,421,L,P,1
P02545,466,N,D,1
P02545,232,G,R,1
P02545,396,Q,R,1
P02545,635,G,D,1
P02545,520,W,G,1
P02545,299,I,T,1
P02545,335,R,W,1
P02545,259,Y,D,1
P02545,132,A,P,1
P02545,545,R,C,1
P02545,52,L,P,1
P02545,219,K,T,1
P02545,387,L,V,1
P02545,331,R,P,1
P02545,125,G,S,1
P02545,203,E,V,1
P02545,82,E,K,1
P02545,195,N,D,1
P02545,529,A,T,1
P02545,326,S,T,1
P02545,138,E,K,1
P02545,386,R,M,1
P02545,186,E,K,1
P02545,156,R,C,1
P02545,583,S,L,1
P02545,4,P,R,1
P02545,623,T,S,1
P02545,136,D,H,1
P02545,596,D,N,1
P02545,27,T,I,1
P02545,111,E,K,1
P02545,506,H,D,1
P02545,377,R,C,1
P02545,166,R,P,1
P02545,512,L,P,1
P02545,498,W,C,1
P02545,267,Y,H,1
P02545,92,L,F,1
P02545,159,E,K,1
P02545,278,A,P,1
P02545,46,I,V,1
P02545,89,R,C,1
P02545,498,W,R,1P02545,200,M,L,0
P15918,709,G,D,1
P15918,602,C,W,1
P15918,778,R,G,1
P15918,404,R,Q,1
P15918,192,C,Y,1
P15918,404,R,W,1
P15918,565,A,D,1
P15918,776,R,Q,1
P15918,136,K,Q,1
P15918,896,W,R,1
P15918,992,K,E,1
P15918,732,L,F,1
P15918,956,I,T,1
P15918,394,R,W,1
P15918,474,R,S,1
P15918,973,R,H,1
P15918,778,R,W,1
P15918,992,K,R,1
P15918,716,R,W,1
P15918,730,C,F,1
P15918,622,A,P,1
P15918,242,Q,R,0
P15918,517,Y,S,0
P14868,460,R,H,1
P14868,487,R,C,1
P14868,494,R,C,1
P14868,464,P,L,1
P14868,256,M,L,1
P14868,274,A,V,1
P14868,494,R,G,1
P14868,367,D,Y,1
P14868,363,G,E,0
P55895,453,W,R,1
P55895,253,P,R,1
P55895,502,M,V,1
P55895,229,R,W,1
P55895,206,F,C,1
P55895,456,A,T,1
P55895,481,H,P,1
P55895,160,S,L,1
P55895,416,W,L,1
P55895,474,N,S,1
P55895,39,R,G,1
P55895,195,Y,D,1
P55895,35,G,V,1
P55895,440,K,N,1
P55895,386,F,L,0
P12036,459,E,K,1
P12036,805,A,E,1
P12036,352,R,S,1
P12036,249,G,S,1
P12036,463,E,K,1
P12036,380,A,T,1
P12036,90,A,V,1
P12036,204,R,D,0
P12036,216,L,F,0
P12036,28,L,P,0
P12036,81,S,P,0
P09651,319,N,S,1
P09651,314,D,V,1
P09651,314,D,N,1
P09651,241,G,R,0
P09651,282,G,R,0
P09651,21,L,S,0
P09651,215,N,D,0
P09651,188,S,R,0
P09651,250,D,N,0
P09651,120,H,D,0
P09651,48,D,N,0
P09651,282,G,E,0
P09651,129,G,R,0
P09651,31,R,K,0
P09651,242,D,G,0
P09651,231,S,N,0
P09651,213,N,D,0
P09651,232,R,H,0
P09651,76,P,A,0
Q9Y620,418,D,Y,1
Q9Y620,679,V,L,0
Q9Y620,314,M,L,0
O60566,15,M,T,1
O60566,1013,G,W,0
O60566,926,T,I,0
O60566,162,Y,H,0
O60566,460,Q,K,0
O60566,1004,N,S,0
P53634,297,G,V,1
P53634,284,S,N,1
P53634,423,W,S,1
P53634,260,S,P,1
P53634,308,G,E,1
P53634,316,L,R,1
P53634,285,P,L,1
P53634,386,G,R,1
P53634,453,I,V,0
P25054,1197,F,S,1
P25054,2738,I,T,1
P25054,1171,R,C,1
P25054,817,G,C,1
P25054,722,S,G,1
P25054,1313,T,A,1
P25054,1171,R,H,1
P25054,414,R,C,1
P25054,911,E,G,1
P25054,1120,G,E,1
P25054,2839,L,F,1
P25054,880,I,T,1
P25054,1422,D,H,1
P25054,1508,A,V,1
P25054,784,S,T,1
P25054,1184,A,P,1
P25054,1326,V,A,1
P25054,1259,I,T,1
P25054,1176,P,L,1
P25054,1472,V,I,1
P25054,1296,A,V,1
P25054,942,N,D,1
P25054,1312,G,E,1
P25054,171,S,I,1
P25054,906,S,Y,1
P25054,890,V,I,1
P25054,1495,S,G,1
P25054,1027,Y,C,1
P25054,99,R,W,1
P25054,1348,R,W,1
P25054,638,I,V,0
P25054,216,R,Q,0
P25054,2241,S,A,0
P25054,425,E,G,0
P25054,535,S,F,0
P25054,2212,Q,K,0
Q13402,1719,Y,C,1
Q13402,653,V,E,0
Q13402,148,N,T,0
Q13402,1662,F,S,0
Q13402,2102,K,R,0
Q13402,1029,H,R,0
Q13402,159,E,K,0
Q13402,251,N,T,0
Q13402,1152,E,V,0
Q13402,746,D,N,0
Q13402,42,E,K,0
Q13402,602,E,K,0
Q9UKA2,551,I,N,1
Q9UKA2,597,Q,P,1
Q9UKA2,565,D,G,1
Q9UKA2,205,I,T,1
Q9UKA2,482,R,W,1
Q9UKA2,568,G,A,1
Q9UKA2,176,W,S,0
Q6JEL2,313,A,T,1
Q6JEL2,216,Q,P,1
Q6JEL2,81,N,I,0
O95461,547,R,H,1
O95461,68,R,G,0
Q05209,61,K,R,1
Q05209,195,V,L,0
P40692,737,D,V,1
P40692,219,I,L,1
P40692,655,I,T,1
P40692,701,Q,K,1
P40692,111,A,P,1
P40692,729,L,V,1
P40692,653,L,R,1
P40692,160,A,V,1
P40692,655,I,V,1
P40692,716,V,M,1
P40692,29,A,S,1
P40692,109,H,P,1
P40692,82,T,I,1
P40692,751,K,R,1
P40692,406,S,N,1
P40692,93,S,G,1
P40692,264,H,R,1
P40692,676,L,R,1
P40692,46,S,I,1
P40692,603,P,R,1
P40692,582,L,F,1
P40692,523,E,D,1
P40692,244,G,V,1
P40692,281,A,V,1
P40692,54,G,E,1
P40692,460,E,A,1
P40692,77,C,R,1
P40692,749,L,P,1
P40692,199,E,Q,1
P40692,646,Y,C,1
P40692,659,R,Q,1
P40692,265,R,S,1
P40692,755,R,S,1
P40692,25,I,T,1
P40692,492,A,T,1
P40692,132,D,H,1
P40692,443,K,Q,1
P40692,295,S,G,1
P40692,100,R,P,1
P40692,102,E,D,1
P40692,607,L,H,1
P40692,496,P,L,1
P40692,77,C,Y,1
P40692,226,R,Q,1
P40692,37,E,K,1
P40692,65,G,D,1
P40692,185,V,L,1
P40692,265,R,H,1
P40692,618,K,R,1
P40692,38,N,D,1
P40692,413,T,I,1
P40692,681,A,T,1
P40692,217,R,C,1
P40692,106,S,R,1
P40692,68,I,V,1
P40692,433,E,Q,1
P40692,268,E,G,1
P40692,44,S,A,1
P40692,662,T,P,1
P40692,420,S,C,1
P40692,23,E,D,1
P40692,286,K,Q,1
P40692,701,Q,H,1
P40692,618,K,A,1
P40692,389,R,Q,1
P40692,663,E,G,1
P40692,346,Q,H,1
P40692,635,N,K,1
P40692,689,Q,R,1
P40692,403,P,S,1
P40692,578,E,G,1
P40692,663,E,D,1
P40692,109,H,Q,1
P40692,272,L,V,1
P40692,23,E,G,0
Q01955,1215,R,Q,1
Q01955,1330,I,T,1
Q01955,1347,D,E,1
Q01955,806,P,A,0
Q01955,1109,P,S,0
Q01955,1269,D,E,0
Q01955,1524,S,C,0
Q01955,1067,P,R,0
Q01955,592,K,S,0
Q01955,924,K,N,0
Q01955,1538,G,H,0
Q01955,1262,H,I,0
Q01955,318,G,R,0
Q01955,1659,I,T,0
Q01955,273,P,A,0
Q01955,755,P,P,0
Q01955,269,E,K,0
Q01955,506,A,S,0
Q01955,1291,P,A,0
Q01955,1277,G,L,0
O76094,207,R,H,1
O76094,189,Q,H,0
O76094,151,L,P,0
O76094,142,D,A,0
O76094,171,L,F,0
O76094,7,G,W,0
O76094,188,G,D,0
O76094,140,Q,H,0
Q9Y6J6,60,F,L,1
Q9Y6J6,94,E,G,0
Q2NKJ3,871,V,M,1
Q2NKJ3,665,V,G,1
Q2NKJ3,975,R,G,1
Q2NKJ3,987,R,W,1
Q2NKJ3,503,G,R,1
Q2NKJ3,840,R,W,1
Q2NKJ3,227,A,V,1
Q2NKJ3,1142,L,H,1
Q2NKJ3,259,V,M,1
Q2NKJ3,718,D,E,0
Q2NKJ3,83,S,T,0
Q2NKJ3,414,G,A,0
Q02846,52,A,S,1
Q02846,331,R,S,0
Q02846,230,L,W,0
Q02846,782,L,H,0
Q6V0I7,4398,C,Y,1
Q6V0I7,2375,E,K,1
Q6V0I7,4159,C,F,1
Q6V0I7,3828,K,E,0
Q6V0I7,3873,S,N,0
Q6V0I7,4726,R,K,0
Q6V0I7,2826,D,N,0
Q6V0I7,1257,Q,E,0
Q6V0I7,3800,S,F,0
Q6V0I7,2451,S,I,0
Q6V0I7,4718,A,G,0
Q6V0I7,4886,A,G,0
Q6V0I7,3752,S,G,0
Q6V0I7,4456,S,L,0
Q6V0I7,244,N,H,0
Q6V0I7,4972,P,S,0
Q6V0I7,2946,I,V,0
Q6V0I7,3824,S,G,0
Q6V0I7,2160,K,E,0
Q6V0I7,2619,G,W,0
Q6V0I7,4022,R,Q,0
Q6V0I7,1844,P,S,0
Q6V0I7,3602,I,L,0
Q6V0I7,3215,H,Y,0
P23942,1,M,T,1
P23942,197,K,E,1
P23942,210,P,L,1
P23942,226,Q,D,1
P23942,246,W,R,1
P23942,178,Q,R,1
P23942,289,S,L,1
P23942,179,W,R,1
P23942,170,G,S,1
P23942,27,S,F,1
P23942,141,Y,H,1
P23942,213,C,Y,1
P23942,214,C,Y,1
P23942,200,V,E,1
P23942,141,Y,C,1
P23942,161,I,M,0
P56192,370,F,L,1
P56192,523,I,T,1
P56192,891,P,S,0
Q7Z392,980,G,R,1
Q7Z392,1007,V,M,0
Q7Z392,895,V,F,0
Q7Z392,933,Q,H,0
Q7Z392,1104,T,A,0
Q7Z392,828,V,A,0
P40763,342,G,D,1
P40763,382,R,G,1
P40763,437,H,P,1
P40763,621,F,L,1
P40763,652,E,K,1
P40763,639,P,A,1
P40763,647,N,D,1
P40763,332,H,Y,1
P40763,432,V,M,1
P40763,644,Q,P,1
P40763,465,S,A,1
P40763,531,K,E,1
P40763,412,T,S,1
P40763,638,E,G,1
P40763,464,I,V,0
P40763,561,F,Y,0
P40763,269,S,I,0
P40763,143,M,I,0
Q96PZ2,338,T,A,1
Q96PZ2,569,R,H,1
Q96PZ2,511,Y,H,1
Q96PZ2,528,D,G,1
Q96PZ2,527,P,T,1
Q96PZ2,104,L,I,0
Q96PZ2,403,I,V,0
Q96PZ2,142,M,I,0
Q12824,377,R,H,1
Q12824,128,N,T,0
O60220,66,C,W,1
O60220,82,E,Q,0
Q16740,145,T,P,1
Q16740,147,C,S,1
Q16740,187,Q,K,0
Q96D31,103,A,E,1
Q96D31,194,L,P,1
Q96D31,223,N,S,0
Q15198,23,H,Y,1
Q15198,79,K,N,0
Q15198,196,C,F,0
Q15198,327,I,N,0
O75197,752,R,C,1
O75197,1527,P,L,0
O75197,1330,A,V,0
Q6NUS6,314,G,R,1
Q6NUS6,65,T,P,0
O43541,484,C,F,1
O43541,415,P,L,1
O43541,121,C,Y,0
Q96FM1,305,D,G,1
Q96FM1,105,P,R,1
Q96FM1,92,G,D,1
Q96FM1,250,L,V,0
Q9H3S7,1099,P,S,1
Q9H3S7,646,D,N,0
Q9H3S7,401,M,V,0
P09871,630,G,E,1
P09871,307,A,V,0
P09871,426,G,E,0
P09871,576,R,M,0
P09871,383,R,H,0
P28340,478,S,N,1
P28340,347,P,L,0
P28340,19,R,H,0
P28340,173,S,N,0
P28340,644,D,E,0
P28340,258,T,M,0
P16885,707,S,Y,1
P16885,268,R,W,0
P16885,522,P,R,0
P16885,571,N,S,0
P35218,233,S,P,1
P35218,45,N,K,0
Q9BZH6,690,H,Q,1
Q9BZH6,395,R,W,1
Q9BZH6,435,A,T,1
Q9BZH6,448,R,Q,1
Q9BZH6,1150,F,L,1
Q9BZH6,988,E,K,0
Q9BZH6,490,V,G,0
Q9BZH6,216,A,P,0
Q9Y2B1,340,R,L,1
Q9Y2B1,339,Y,C,1
Q9Y2B1,92,T,M,0
Q8TD16,501,R,P,1
Q8TD16,703,T,M,1
Q8TD16,188,N,T,1
Q8TD16,107,S,L,1
Q8TD16,508,K,T,1
Q8TD16,189,I,F,1
Q8TD16,774,E,G,1
Q8TD16,240,L,V,0
P23786,113,S,L,1
P23786,103,D,E,0
P23786,352,F,C,0
P23786,332,I,L,0
P23786,647,M,I,0
P08603,1078,R,S,1
P08603,1186,K,T,1
P08603,516,N,K,1
P08603,431,C,Y,1
P08603,1191,S,W,1
P08603,1189,L,F,1
P08603,567,R,G,1
P08603,1050,N,Y,0
P22102,57,A,V,1
P22102,161,A,G,0
P22460,527,T,M,1
P22460,211,E,D,0
P54278,705,E,K,1
P54278,775,N,S,0
P54278,597,T,S,0
P43251,303,H,R,1
P43251,208,D,Y,1
P43251,35,C,W,0
P43251,45,G,R,0
P43251,294,I,V,0
Q96MI9,990,C,S,1
Q96MI9,112,R,C,0
Q96MI9,33,R,Q,0
Q96MI9,435,S,P,0
Q96MI9,611,N,T,0
Q96MI9,958,L,V,0
Q96MI9,405,S,Y,0
Q96MI9,417,P,L,0
Q13326,230,S,R,1
Q13326,194,L,S,1
Q13326,82,G,R,1
Q13326,184,V,G,1
Q13326,103,L,V,1
Q13326,69,G,A,1
Q13326,90,L,S,1
Q13326,210,H,R,1
Q13326,106,Q,P,1
Q13326,80,L,F,1
Q13326,107,S,L,1
Q13326,78,L,P,1
Q13326,129,G,Q,0
Q13326,3,R,H,0
Q13326,97,S,Q,0
Q13326,31,W,G,0
Q13326,32,R,G,0
Q5VV43,311,A,T,1
Q5VV43,629,A,G,0
Q5VV43,54,V,L,0
O43766,249,R,H,1
O43766,126,A,P,0
O43766,125,T,P,0
Q99698,2810,E,K,1
Q99698,1454,A,D,1
Q99698,1764,G,A,0
Q99698,562,Q,H,0
Q9C040,227,E,V,1
Q9C040,392,L,P,0
Q9HC29,235,R,C,1
Q9HC29,294,T,S,1
Q9HC29,713,R,C,1
Q9HC29,301,A,V,1
Q9HC29,755,A,V,1
Q9HC29,885,A,T,1
Q9HC29,431,S,L,1
Q9HC29,432,A,V,1
Q9HC29,157,W,R,1
Q9HC29,414,N,S,1
Q9HC29,778,E,K,1
Q9HC29,908,G,R,1
Q9HC29,793,V,M,1
Q9HC29,291,D,N,1
Q9HC29,441,E,K,1
Q9HC29,758,A,V,1
Q9HC29,612,A,V,1
Q9HC29,725,A,G,1
Q9HC29,703,R,C,1
Q9HC29,373,R,C,1
Q9HC29,348,L,V,1
Q9HC29,853,N,S,1
Q9HC29,863,M,V,1
Q9HC29,248,L,R,1
Q9HC29,352,H,R,1
Q9HC29,311,R,W,1
Q9HC29,843,E,K,1
Q9HC29,918,A,D,1
Q9HC29,924,G,D,1
Q9HC29,684,R,W,1
Q9HC29,708,R,H,0
Q9HC29,81,L,V,0
Q9HC29,349,L,P,0
Q9HC29,110,A,V,0
Q9HC29,372,D,N,0
Q8N5M1,94,W,G,1
Q8N5M1,241,E,G,0
Q8WVS4,749,T,M,1
Q8WVS4,151,R,W,0
Q8WVS4,273,Q,R,0
Q8WVS4,1040,A,G,0
A6NHR9,690,P,S,1
A6NHR9,868,S,N,1
A6NHR9,353,Y,C,1
A6NHR9,479,R,P,1
A6NHR9,492,C,R,1
A6NHR9,1554,F,S,1
A6NHR9,879,K,N,0
D9YZU5,40,Q,K,1
D9YZU5,40,Q,E,1
D9YZU5,28,A,T,0
D9YZU5,92,L,F,0
D9YZU5,7,E,V,0
P08174,199,S,L,1
P08174,257,F,L,0
P08174,318,T,K,0
P04275,1543,S,F,1
P04275,1229,V,G,1
P04275,2671,C,Y,1
P04275,1506,S,L,1
P04275,1285,S,F,1
P04275,1447,E,Q,1
P04275,800,M,V,1
P04275,782,R,W,1
P04275,1505,G,R,1
P04275,1597,R,L,1
P04275,623,C,W,1
P04275,1282,L,R,1
P04275,1071,C,F,1
P04275,1324,G,A,1
P04275,47,D,H,1
P04275,1156,T,M,1
P04275,1461,A,D,1
P04275,1306,R,L,1
P04275,2804,C,Y,1
P04275,427,I,N,1
P04275,1604,V,F,1
P04275,1276,L,P,1
P04275,879,D,N,1
P04275,1272,C,S,1
P04275,1362,K,T,1
P04275,1296,L,P,1
P04275,2754,C,W,1
P04275,2776,P,L,1
P04275,1467,P,S,1
P04275,858,C,F,1
P04275,1279,V,I,1
P04275,1341,R,P,1
P04275,1556,Q,R,1
P04275,1314,V,F,1
P04275,2174,C,G,1
P04275,1315,R,C,1
P04275,1310,S,F,1
P04275,1458,C,Y,1
P04275,2801,A,D,1
P04275,812,P,L,1
P04275,1314,V,D,1
P04275,1205,R,H,1
P04275,1579,G,R,1
P04275,1337,P,L,1
P04275,1425,I,F,1
P04275,1309,I,V,1
P04275,1272,C,G,1
P04275,788,C,R,1
P04275,1505,G,E,1
P04275,1053,Q,H,1
P04275,1369,F,I,1
P04275,1268,H,N,1
P04275,1302,D,G,1
P04275,1306,R,Q,1
P04275,1231,N,T,1
P04275,141,D,N,1
P04275,1639,L,P,1
P04275,1539,V,E,1
P04275,1437,A,T,1
P04275,785,G,E,1
P04275,570,C,S,1
P04275,85,S,P,1
P04275,1562,L,P,1
P04275,141,D,Y,1
P04275,795,Y,C,1
P04275,1359,E,K,1
P04275,1308,R,P,1
P04275,804,C,F,1
P04275,1580,L,V,1
P04275,1629,G,R,1
P04275,1266,P,Q,1
P04275,1580,L,P,1
P04275,1341,R,L,1
P04275,1383,L,P,1
P04275,1824,P,H,1
P04275,1503,L,P,1
P04275,1614,D,G,1
P04275,2781,P,S,1
P04275,2179,S,F,1
P04275,816,R,Q,1
P04275,787,E,K,1
P04275,275,C,S,1
P04275,1583,R,W,1
P04275,1341,R,W,1
P04275,1130,C,F,1
P04275,1308,R,H,1
P04275,2342,R,H,0
P04275,2695,P,R,0
P04275,2561,F,Y,0
O15553,591,I,T,1
O15553,408,R,Q,1
O15553,276,E,S,0
Q9H3D4,560,S,A,1
Q9H3D4,184,S,L,1
Q9H3D4,279,P,H,1
Q9H3D4,204,Q,L,1
Q9H3D4,72,I,R,0
Q9H3D4,345,C,F,0
Q9H3D4,270,N,T,0
Q16667,108,I,V,1
Q16667,78,F,L,1
Q16667,31,W,R,1
Q16667,95,L,F,1
Q16667,187,N,S,1
Q16667,94,D,V,1
Q16667,91,N,K,1
Q16667,195,K,I,1
Q16667,79,C,Y,1
Q16667,159,S,F,0
Q5VTY9,450,N,S,1
Q5VTY9,448,G,E,1
Q5VTY9,72,V,G,0
Q5VTY9,378,W,G,0
P00451,2257,M,V,1
P00451,795,R,G,0
P00451,983,V,I,0
P13498,124,A,S,1
P13498,55,P,R,1
P13498,90,R,P,1
P13498,90,R,G,1
P13498,51,L,Q,1
P13498,1,M,K,1
P13498,24,G,E,1
P13498,60,K,T,0
P82279,1354,A,T,1
P82279,837,D,H,1
P82279,33,R,S,0
P82279,1238,C,F,0
P82279,1251,Q,P,0
P82279,59,T,P,0
P82279,941,P,L,0
P82279,406,C,L,0
P82279,1137,C,W,0
P82279,769,R,H,0
O60674,607,K,N,1
O60674,1063,R,H,0
P42701,173,R,P,1
P42701,77,L,P,1
P42701,198,C,R,1
P42701,367,Y,C,1
P42701,171,Q,P,1
P42701,211,R,P,1
P42701,3,P,Q,0
Q9NQ38,808,T,I,1
Q9NQ38,106,D,N,0
Q9NQ38,40,G,A,0
Q9NQ38,763,N,I,0
Q9HC07,304,G,R,1
Q9HC07,126,R,C,1
Q9HC07,126,R,H,1
Q9HC07,310,A,E,0
P13569,890,Q,R,1
P13569,1074,F,L,1
P13569,1161,S,R,1
P13569,609,H,R,1
P13569,751,R,P,1
P13569,589,S,I,1
P13569,5,P,L,1
P13569,896,T,I,1
P13569,348,M,V,1
P13569,392,V,G,1
P13569,1407,M,T,1
P13569,281,M,T,1
P13569,552,Q,K,1
P13569,534,A,E,1
P13569,194,G,V,1
P13569,1073,Y,C,1
P13569,945,S,L,1
P13569,1230,I,T,1
P13569,170,R,G,1
P13569,198,A,P,1
P13569,388,T,M,1
P13569,952,M,T,1
P13569,573,S,C,1
P13569,1147,V,I,1
P13569,1311,S,R,1
P13569,146,H,R,1
P13569,241,G,R,1
P13569,213,G,V,1
P13569,140,P,S,1
P13569,1118,S,F,1
P13569,1,M,V,1
P13569,1020,V,E,1
P13569,1299,T,I,1
P13569,55,R,K,1
P13569,828,D,G,1
P13569,639,D,Y,1
P13569,712,S,C,1
P13569,1067,A,G,1
P13569,356,W,S,1
P13569,1228,E,G,1
P13569,31,R,C,1
P13569,378,Q,R,1
P13569,725,E,K,1
P13569,693,F,L,1
P13569,735,R,K,1
P13569,140,P,L,1
P13569,1318,V,A,1
P13569,205,P,R,1
P13569,152,M,L,1
P13569,394,M,R,1
P13569,1237,G,S,1
P13569,636,L,P,1
P13569,1086,T,I,1
P13569,485,S,C,1
P13569,1166,F,C,1
P13569,1069,G,R,1
P13569,565,D,G,1
P13569,353,Q,H,1
P13569,608,E,G,1
P13569,293,L,M,1
P13569,60,E,K,1
P13569,1249,G,R,1
P13569,568,L,F,1
P13569,1142,T,I,1
P13569,559,A,V,1
P13569,563,Y,D,1
P13569,309,A,V,1
P13569,148,I,N,1
P13569,107,A,G,1
P13569,614,D,Y,1
P13569,1148,N,K,1
P13569,161,Y,D,1
P13569,139,H,L,1
P13569,1190,V,D,1
P13569,723,G,V,1
P13569,227,L,R,1
P13569,939,H,D,1
P13569,1086,T,A,1
P13569,1426,S,F,1
P13569,399,A,V,1
P13569,102,L,R,1
P13569,217,E,G,1
P13569,1156,L,F,1
P13569,539,I,T,1
P13569,1047,G,D,1
P13569,520,V,I,1
P13569,980,I,M,1
P13569,1244,G,V,1
P13569,322,V,M,1
P13569,407,E,V,1
P13569,1028,M,R,1
P13569,177,I,T,1
P13569,210,L,P,1
P13569,340,I,N,1
P13569,416,N,S,1
P13569,633,L,I,1
P13569,444,I,T,1
P13569,497,I,V,1
P13569,493,Q,P,1
P13569,1092,Y,H,1
P13569,544,G,S,1
P13569,64,K,E,1
P13569,1140,M,K,1
P13569,158,S,N,1
P13569,96,A,E,1
P13569,668,R,C,1
P13569,502,I,T,1
P13569,192,D,G,1
P13569,851,R,L,1
P13569,836,D,Y,1
P13569,68,K,N,1
P13569,75,R,Q,1
P13569,314,G,V,1
P13569,309,A,G,1
P13569,239,G,R,1
P13569,285,I,F,1
P13569,338,T,A,1
P13569,175,I,V,1
P13569,1105,M,R,1
P13569,349,A,V,1
P13569,866,C,S,1
P13569,1108,V,L,1
P13569,209,A,S,1
P13569,493,Q,R,1
P13569,1210,M,I,1
P13569,1426,S,P,1
P13569,201,V,M,1
P13569,1247,G,R,1
P13569,320,L,F,1
P13569,1257,F,L,1
P13569,187,N,K,1
P13569,125,I,T,1
P13569,1445,D,N,1
P13569,1067,A,V,1
P13569,424,G,S,1
P13569,292,E,K,1
P13569,220,Q,R,1
P13569,1453,R,W,1
P13569,508,F,C,1
P13569,515,Y,H,1
P13569,58,D,N,1
P13569,991,I,V,1
P13569,938,V,G,1
P13569,563,Y,C,1
P13569,582,T,S,1
P13569,158,S,R,1
P13569,1307,Y,C,1
P13569,122,Y,H,1
P13569,959,A,V,1
P13569,341,S,P,1
P13569,243,M,L,1
P13569,1027,I,F,0
P13569,909,S,I,0
P13569,1162,R,L,0
P13569,351,T,S,0
P11387,722,N,S,1
P11387,370,M,T,1
P11387,729,T,A,1
P11387,533,D,G,1
P11387,190,N,K,0
P11387,149,P,T,0
P11387,256,V,I,0
Q9NZR4,244,H,R,1
Q9NZR4,326,I,N,0
O15455,303,F,S,1
O15455,297,L,V,0
O15455,826,L,F,0
O15455,159,L,F,0
P16473,715,N,D,1
P16473,723,K,M,1
P16473,219,D,E,1
P16473,197,F,I,1
P16473,677,L,V,1
P16473,34,E,K,0
P16473,52,P,T,0
P16473,744,N,K,0
P16473,440,L,P,0
P16473,439,L,P,0
Q99798,112,S,R,1
Q99798,768,A,S,0
Q16795,321,R,P,1
Q16795,321,R,Q,1
Q16795,85,R,W,0
Q16795,5,A,P,0
O96017,85,P,L,1
O96017,64,E,K,1
O96017,59,T,K,1
O96017,145,R,P,1
O96017,476,T,K,1
O96017,251,I,F,1
O96017,180,R,H,1
O96017,327,Y,C,1
O96017,181,R,H,1
O96017,323,T,P,1
O96017,318,R,H,1
O96017,180,R,C,1
O96017,239,E,K,1
O96017,181,R,C,1
O96017,17,A,S,1
O96017,167,G,R,1
O96017,145,R,W,1
O96017,432,T,A,0
D9ZGG0,310,G,S,1
D9ZGG0,397,N,H,0
Q9NRW7,238,E,K,1
Q9NRW7,224,T,N,1
Q9NRW7,82,I,M,0
Q9NRW7,386,R,S,0
Q9NRW7,462,V,I,0
Q9HCG7,873,R,H,1
Q9HCG7,630,R,W,1
Q9HCG7,499,E,K,0
Q9HCG7,346,T,M,0
Q96MP8,94,R,W,1
Q96MP8,184,R,C,1
Q96MP8,108,L,M,1
Q96MP8,84,R,W,1
Q96MP8,273,N,I,1
Q96MP8,192,V,A,0
Q8IW40,154,H,P,1
Q8IW40,241,V,G,0
Q9BXC9,643,R,P,1
Q9BXC9,123,I,V,0
Q13423,977,L,P,1
Q13423,357,T,A,1
Q13423,678,G,R,1
Q13423,193,S,N,1
Q13423,365,H,P,1
Q13423,437,P,L,1
Q13423,533,A,V,1
Q13423,1008,A,P,1
Q13423,1009,N,K,1
Q13423,862,G,D,1
Q13423,664,G,R,1
Q13423,792,I,V,0
Q13423,731,T,M,0
Q13423,111,A,G,0
Q13423,27,R,H,0
Q13423,902,P,T,0
Q13423,993,I,V,0
Q9H694,932,E,G,1
Q9H694,945,N,S,0
Q9H694,524,Q,K,0
Q9H694,682,E,D,0
Q9H694,824,P,H,0
Q9H694,943,S,P,0
O00255,325,P,R,1
O00255,420,R,P,1
O00255,45,E,G,1
O00255,342,A,P,1
O00255,449,L,P,1
O00255,22,L,R,1
O00255,360,R,W,1
O00255,228,L,P,1
O00255,246,C,R,1
O00255,428,W,S,1
O00255,319,R,P,1
O00255,347,A,P,1
O00255,181,A,P,1
O00255,316,T,P,1
O00255,220,V,M,1
O00255,432,S,R,1
O00255,322,H,R,1
O00255,186,H,R,1
O00255,314,A,P,1
O00255,452,F,S,1
O00255,258,S,P,1
O00255,349,T,R,1
O00255,159,S,I,1
O00255,170,C,R,1
O00255,139,H,Y,1
O00255,165,A,P,1
O00255,426,C,Y,1
O00255,258,S,W,1
O00255,330,A,P,1
O00255,160,S,F,1
O00255,173,L,P,1
O00255,364,E,K,1
O00255,45,E,K,1
O00255,234,R,L,1
O00255,158,D,V,1
O00255,39,L,W,1
O00255,110,G,E,1
O00255,549,P,S,1
O00255,423,D,H,1
O00255,245,V,F,1
O00255,165,A,T,1
O00255,291,L,P,1
O00255,26,E,K,1
O00255,184,E,Q,1
O00255,560,S,N,1
O00255,246,C,F,1
O00255,139,H,R,1
O00255,177,D,Y,1
O00255,184,E,D,1
O00255,289,A,P,1
O00255,169,A,D,1
O00255,419,L,P,1
O00255,269,L,P,1
O00255,358,Y,D,1
O00255,184,E,K,1
O00255,12,P,L,1
O00255,560,S,R,1
O00255,545,P,S,1
O00255,279,E,A,1
O00255,139,H,P,1
O00255,346,W,R,1
O00255,42,G,D,1
O00255,378,P,S,1
O00255,188,W,R,1
O00255,325,P,L,1
O00255,247,A,V,1
O00255,144,F,V,1
O00255,353,I,N,1
O00255,289,A,E,1
O00255,532,R,C,1
O00255,377,I,M,1
O00255,342,A,D,1
O00255,441,W,C,1
O00255,230,G,R,1
O00255,135,K,I,1
O00255,416,A,P,1
O00255,362,D,H,1
O00255,286,G,R,1
O00255,167,V,F,1
O00255,246,C,Y,1
O00255,390,A,V,1
O00255,264,L,R,1
O00255,161,G,D,1
O00255,188,W,S,1
O00255,441,W,R,1
O00255,423,D,N,1
O00255,139,H,D,1
O00255,373,A,D,1
O00255,98,R,L,1
O00255,322,H,Y,1
O00255,541,Q,T,0
Q86YT6,943,V,F,1
Q86YT6,166,E,G,0
P51580,240,Y,C,1
P51580,154,A,T,1
P51580,215,R,H,1
P51580,227,H,Q,1
P51580,80,A,P,1
P51580,180,Y,F,0
P51580,69,L,V,0
P50548,86,R,C,1
P50548,65,R,Q,1
P50548,205,R,H,0
P10643,475,C,Y,1
P10643,63,C,W,1
P10643,598,T,S,0
P10643,575,P,L,0
P10643,222,R,H,0
P43146,1375,P,H,1
P43146,168,M,T,1
P43146,702,N,S,0
Q02556,108,K,E,1
Q02556,80,T,A,1
Q02556,74,E,D,0
P07949,609,C,Y,1
P07949,790,L,F,1
P07949,611,C,Y,1
P07949,630,C,Y,1
P07949,359,N,K,1
P07949,639,A,G,1
P07949,620,C,F,1
P07949,611,C,R,1
P07949,641,A,G,1
P07949,804,V,M,1
P07949,634,C,S,1
P07949,804,V,L,1
P07949,618,C,R,1
P07949,620,C,R,1
P07949,891,S,A,1
P07949,634,C,Y,1
P07949,611,C,S,1
P07949,618,C,G,1
P07949,946,T,M,1
P07949,157,C,Y,1
P07949,609,C,R,1
P07949,844,R,L,1
P07949,618,C,F,1
P07949,611,C,G,1
P07949,1039,P,L,1
P07949,620,C,W,1
P07949,630,C,F,1
P07949,618,C,S,1
P07949,768,E,D,1
P07949,618,C,Y,1
P07949,620,C,S,1
P07949,620,C,G,1
P07949,922,S,F,1
P07949,93,G,S,1
P07949,630,C,S,1
P07949,611,C,W,1
P07949,634,C,F,1
P07949,609,C,G,1
P07949,634,C,W,1
P07949,620,C,Y,1
P07949,640,A,G,1
P07949,791,Y,F,1
P07949,634,C,G,1
P07949,749,R,T,0
